{
    "10": {
        "theta_NO": [
            1.8200000340584666e-05,
            7.900000127847306e-06,
            8.099999831756577e-06,
            7.300001016119495e-06,
            7.900000127847306e-06,
            7.699998604948632e-06,
            7.5000007200287655e-06,
            8.299999535665847e-06,
            7.3999999585794285e-06,
            7.099999493220821e-06
        ],
        "theta_BH": [
            0.0001407999989169184,
            0.00012140000035287812,
            0.0001235999989148695,
            0.00012900000001536682,
            0.0001244000013684854,
            0.00011769999946409371,
            0.00012100000094505958,
            0.00012620000052265823,
            0.00011759999870264437,
            0.00011709999853337649
        ],
        "t_NO": [
            0.0030225999998947373,
            0.0033259000010730233,
            0.0026407000004837755,
            0.0030760000008740462,
            0.002935000000434229,
            0.0028203000001667533,
            0.0026366000001871726,
            0.0030305000000225846,
            0.002787999999782187,
            0.0023237000004883157
        ],
        "t_BH": [
            0.0011745000010705553,
            0.0014780999990762211,
            0.001398299998982111,
            0.0013331999998626998,
            0.0013825999994878657,
            0.001101899999412126,
            0.0017535999995743623,
            0.0014817999999650056,
            0.0012299999998504063,
            0.0011599000008573057
        ],
        "theta_NO_plus_t_NO": [
            0.003040800000235322,
            0.0033338000012008706,
            0.002648800000315532,
            0.0030833000018901657,
            0.0029429000005620765,
            0.002827999998771702,
            0.0026441000009072013,
            0.0030387999995582504,
            0.0027953999997407664,
            0.0023307999999815365
        ],
        "theta_BH_plus_t_BH": [
            0.0013152999999874737,
            0.0015994999994290993,
            0.0015218999978969805,
            0.0014621999998780666,
            0.001507000000856351,
            0.0012195999988762196,
            0.0018746000005194219,
            0.0016080000004876638,
            0.0013475999985530507,
            0.0012769999993906822
        ]
    },
    "10": {
        "theta_NO": [
            1.8200000340584666e-05,
            7.900000127847306e-06,
            8.099999831756577e-06,
            7.300001016119495e-06,
            7.900000127847306e-06,
            7.699998604948632e-06,
            7.5000007200287655e-06,
            8.299999535665847e-06,
            7.3999999585794285e-06,
            7.099999493220821e-06
        ],
        "theta_BH": [
            0.0001407999989169184,
            0.00012140000035287812,
            0.0001235999989148695,
            0.00012900000001536682,
            0.0001244000013684854,
            0.00011769999946409371,
            0.00012100000094505958,
            0.00012620000052265823,
            0.00011759999870264437,
            0.00011709999853337649
        ],
        "t_NO": [
            0.0030225999998947373,
            0.0033259000010730233,
            0.0026407000004837755,
            0.0030760000008740462,
            0.002935000000434229,
            0.0028203000001667533,
            0.0026366000001871726,
            0.0030305000000225846,
            0.002787999999782187,
            0.0023237000004883157
        ],
        "t_BH": [
            0.0011745000010705553,
            0.0014780999990762211,
            0.001398299998982111,
            0.0013331999998626998,
            0.0013825999994878657,
            0.001101899999412126,
            0.0017535999995743623,
            0.0014817999999650056,
            0.0012299999998504063,
            0.0011599000008573057
        ],
        "theta_NO_plus_t_NO": [
            0.003040800000235322,
            0.0033338000012008706,
            0.002648800000315532,
            0.0030833000018901657,
            0.0029429000005620765,
            0.002827999998771702,
            0.0026441000009072013,
            0.0030387999995582504,
            0.0027953999997407664,
            0.0023307999999815365
        ],
        "theta_BH_plus_t_BH": [
            0.0013152999999874737,
            0.0015994999994290993,
            0.0015218999978969805,
            0.0014621999998780666,
            0.001507000000856351,
            0.0012195999988762196,
            0.0018746000005194219,
            0.0016080000004876638,
            0.0013475999985530507,
            0.0012769999993906822
        ]
    }
}